"","country","year","influenza_activity"
"1","Argentina",2002,NA
"2","Argentina",2003,NA
"3","Argentina",2004,8843
"4","Argentina",2005,8627
"5","Argentina",2006,8966
"6","Argentina",2007,10267
"7","Argentina",2008,9299
"8","Argentina",2009,7952
"9","Argentina",2010,6946
"10","Argentina",2011,5541
"11","Argentina",2012,6155
"12","Argentina",2013,6529
"13","Argentina",2014,7073
"14","Argentina",2015,4841
"15","Australia",2002,NA
"16","Australia",2003,NA
"17","Australia",2004,NA
"18","Australia",2005,NA
"19","Australia",2006,18263
"20","Australia",2007,29574
"21","Australia",2008,25091
"22","Australia",2009,22796
"23","Australia",2010,12571
"24","Australia",2011,13138
"25","Australia",2012,27452
"26","Australia",2013,19071
"27","Australia",2014,30705
"28","Australia",2015,20355
"29","Austria",2002,NA
"30","Austria",2003,NA
"31","Austria",2004,32820
"32","Austria",2005,41502
"33","Austria",2006,36142
"34","Austria",2007,40517
"35","Austria",2008,43065
"36","Austria",2009,47117
"37","Austria",2010,32008
"38","Austria",2011,34888
"39","Austria",2012,40088
"40","Austria",2013,50229
"41","Austria",2014,51635
"42","Austria",2015,40143
"43","Belgium",2002,NA
"44","Belgium",2003,NA
"45","Belgium",2004,2876
"46","Belgium",2005,6472
"47","Belgium",2006,4441
"48","Belgium",2007,6305
"49","Belgium",2008,4696
"50","Belgium",2009,10320
"51","Belgium",2010,2733
"52","Belgium",2011,4477
"53","Belgium",2012,4758
"54","Belgium",2013,9622
"55","Belgium",2014,5475
"56","Belgium",2015,11111
"57","Bolivia",2002,NA
"58","Bolivia",2003,NA
"59","Bolivia",2004,22110
"60","Bolivia",2005,20260
"61","Bolivia",2006,19668
"62","Bolivia",2007,19312
"63","Bolivia",2008,16526
"64","Bolivia",2009,14516
"65","Bolivia",2010,11752
"66","Bolivia",2011,10859
"67","Bolivia",2012,10035
"68","Bolivia",2013,9129
"69","Bolivia",2014,9065
"70","Bolivia",2015,6407
"71","Brazil",2002,174
"72","Brazil",2003,12386
"73","Brazil",2004,12964
"74","Brazil",2005,13246
"75","Brazil",2006,13964
"76","Brazil",2007,13336
"77","Brazil",2008,12637
"78","Brazil",2009,10984
"79","Brazil",2010,8970
"80","Brazil",2011,8345
"81","Brazil",2012,7685
"82","Brazil",2013,8676
"83","Brazil",2014,8855
"84","Brazil",2015,6603
"85","Bulgaria",2002,NA
"86","Bulgaria",2003,NA
"87","Bulgaria",2004,NA
"88","Bulgaria",2005,41988
"89","Bulgaria",2006,46688
"90","Bulgaria",2007,42751
"91","Bulgaria",2008,35190
"92","Bulgaria",2009,37187
"93","Bulgaria",2010,23801
"94","Bulgaria",2011,25930
"95","Bulgaria",2012,16289
"96","Bulgaria",2013,17955
"97","Bulgaria",2014,25346
"98","Bulgaria",2015,16569
"99","Canada",2002,NA
"100","Canada",2003,NA
"101","Canada",2004,77828
"102","Canada",2005,98859
"103","Canada",2006,97598
"104","Canada",2007,85821
"105","Canada",2008,84826
"106","Canada",2009,141118
"107","Canada",2010,67855
"108","Canada",2011,73778
"109","Canada",2012,101581
"110","Canada",2013,104231
"111","Canada",2014,121388
"112","Canada",2015,68006
"113","Chile",2002,NA
"114","Chile",2003,NA
"115","Chile",2004,348
"116","Chile",2005,261
"117","Chile",2006,260
"118","Chile",2007,558
"119","Chile",2008,412
"120","Chile",2009,1074
"121","Chile",2010,848
"122","Chile",2011,315
"123","Chile",2012,696
"124","Chile",2013,1180
"125","Chile",2014,1075
"126","Chile",2015,431
"127","France",2002,NA
"128","France",2003,NA
"129","France",2004,1622
"130","France",2005,5658
"131","France",2006,3075
"132","France",2007,4203
"133","France",2008,4853
"134","France",2009,8042
"135","France",2010,1564
"136","France",2011,3089
"137","France",2012,3840
"138","France",2013,7606
"139","France",2014,2923
"140","France",2015,10760
"141","Germany",2002,NA
"142","Germany",2003,NA
"143","Germany",2004,42880
"144","Germany",2005,49315
"145","Germany",2006,41952
"146","Germany",2007,45226
"147","Germany",2008,43582
"148","Germany",2009,45497
"149","Germany",2010,34000
"150","Germany",2011,34730
"151","Germany",2012,35974
"152","Germany",2013,40928
"153","Germany",2014,38029
"154","Germany",2015,28453
"155","Hungary",2002,NA
"156","Hungary",2003,NA
"157","Hungary",2004,NA
"158","Hungary",2005,4471
"159","Hungary",2006,3295
"160","Hungary",2007,4343
"161","Hungary",2008,5430
"162","Hungary",2009,7913
"163","Hungary",2010,2754
"164","Hungary",2011,4159
"165","Hungary",2012,3532
"166","Hungary",2013,4224
"167","Hungary",2014,3994
"168","Hungary",2015,6098
"169","Japan",2002,NA
"170","Japan",2003,NA
"171","Japan",2004,4001
"172","Japan",2005,9480
"173","Japan",2006,5924
"174","Japan",2007,7725
"175","Japan",2008,4799
"176","Japan",2009,21061
"177","Japan",2010,2106
"178","Japan",2011,7054
"179","Japan",2012,15759
"180","Japan",2013,24627
"181","Japan",2014,33764
"182","Japan",2015,24139
"183","Mexico",2002,NA
"184","Mexico",2003,NA
"185","Mexico",2004,45978
"186","Mexico",2005,51011
"187","Mexico",2006,56569
"188","Mexico",2007,70979
"189","Mexico",2008,60574
"190","Mexico",2009,59050
"191","Mexico",2010,59504
"192","Mexico",2011,49524
"193","Mexico",2012,59964
"194","Mexico",2013,63665
"195","Mexico",2014,69945
"196","Mexico",2015,43436
"197","Netherlands",2002,NA
"198","Netherlands",2003,NA
"199","Netherlands",2004,1014
"200","Netherlands",2005,1779
"201","Netherlands",2006,1497
"202","Netherlands",2007,1607
"203","Netherlands",2008,1801
"204","Netherlands",2009,3062
"205","Netherlands",2010,1145
"206","Netherlands",2011,1627
"207","Netherlands",2012,2023
"208","Netherlands",2013,2721
"209","Netherlands",2014,1680
"210","Netherlands",2015,1666
"211","New.Zealand",2002,NA
"212","New.Zealand",2003,NA
"213","New.Zealand",2004,NA
"214","New.Zealand",2005,NA
"215","New.Zealand",2006,1492
"216","New.Zealand",2007,1398
"217","New.Zealand",2008,1883
"218","New.Zealand",2009,2644
"219","New.Zealand",2010,1742
"220","New.Zealand",2011,1674
"221","New.Zealand",2012,2373
"222","New.Zealand",2013,2260
"223","New.Zealand",2014,3322
"224","New.Zealand",2015,807
"225","Norway",2002,NA
"226","Norway",2003,NA
"227","Norway",2004,NA
"228","Norway",2005,1904
"229","Norway",2006,1474
"230","Norway",2007,2231
"231","Norway",2008,2271
"232","Norway",2009,6877
"233","Norway",2010,3338
"234","Norway",2011,4852
"235","Norway",2012,4606
"236","Norway",2013,4654
"237","Norway",2014,4072
"238","Norway",2015,4094
"239","Paraguay",2002,NA
"240","Paraguay",2003,NA
"241","Paraguay",2004,NA
"242","Paraguay",2005,NA
"243","Paraguay",2006,16478
"244","Paraguay",2007,16369
"245","Paraguay",2008,14820
"246","Paraguay",2009,13894
"247","Paraguay",2010,10017
"248","Paraguay",2011,9347
"249","Paraguay",2012,9010
"250","Paraguay",2013,11755
"251","Paraguay",2014,13242
"252","Paraguay",2015,9894
"253","Peru",2002,329
"254","Peru",2003,20441
"255","Peru",2004,17143
"256","Peru",2005,16040
"257","Peru",2006,14994
"258","Peru",2007,13770
"259","Peru",2008,11946
"260","Peru",2009,10432
"261","Peru",2010,8541
"262","Peru",2011,7053
"263","Peru",2012,6769
"264","Peru",2013,6777
"265","Peru",2014,6555
"266","Peru",2015,4020
"267","Poland",2002,NA
"268","Poland",2003,NA
"269","Poland",2004,NA
"270","Poland",2005,4886
"271","Poland",2006,2521
"272","Poland",2007,2754
"273","Poland",2008,2617
"274","Poland",2009,5521
"275","Poland",2010,1264
"276","Poland",2011,2377
"277","Poland",2012,1670
"278","Poland",2013,2702
"279","Poland",2014,1536
"280","Poland",2015,1956
"281","Romania",2002,NA
"282","Romania",2003,NA
"283","Romania",2004,37393
"284","Romania",2005,40284
"285","Romania",2006,40713
"286","Romania",2007,40248
"287","Romania",2008,39262
"288","Romania",2009,41179
"289","Romania",2010,32246
"290","Romania",2011,34686
"291","Romania",2012,32288
"292","Romania",2013,33899
"293","Romania",2014,34484
"294","Romania",2015,23679
"295","Russia",2002,NA
"296","Russia",2003,NA
"297","Russia",2004,NA
"298","Russia",2005,13596
"299","Russia",2006,15693
"300","Russia",2007,16590
"301","Russia",2008,20976
"302","Russia",2009,29361
"303","Russia",2010,23322
"304","Russia",2011,26352
"305","Russia",2012,27213
"306","Russia",2013,33134
"307","Russia",2014,30966
"308","Russia",2015,21447
"309","South.Africa",2002,NA
"310","South.Africa",2003,NA
"311","South.Africa",2004,NA
"312","South.Africa",2005,NA
"313","South.Africa",2006,NA
"314","South.Africa",2007,135522
"315","South.Africa",2008,135377
"316","South.Africa",2009,150344
"317","South.Africa",2010,129539
"318","South.Africa",2011,129150
"319","South.Africa",2012,136519
"320","South.Africa",2013,140671
"321","South.Africa",2014,155577
"322","South.Africa",2015,98940
"323","Spain",2002,NA
"324","Spain",2003,NA
"325","Spain",2004,1437
"326","Spain",2005,3278
"327","Spain",2006,2061
"328","Spain",2007,3246
"329","Spain",2008,2209
"330","Spain",2009,4011
"331","Spain",2010,727
"332","Spain",2011,1224
"333","Spain",2012,1938
"334","Spain",2013,2769
"335","Spain",2014,3010
"336","Spain",2015,4863
"337","Sweden",2002,NA
"338","Sweden",2003,NA
"339","Sweden",2004,NA
"340","Sweden",2005,NA
"341","Sweden",2006,153
"342","Sweden",2007,179
"343","Sweden",2008,169
"344","Sweden",2009,474
"345","Sweden",2010,106
"346","Sweden",2011,201
"347","Sweden",2012,368
"348","Sweden",2013,556
"349","Sweden",2014,266
"350","Sweden",2015,328
"351","Switzerland",2002,NA
"352","Switzerland",2003,NA
"353","Switzerland",2004,1600
"354","Switzerland",2005,3849
"355","Switzerland",2006,1781
"356","Switzerland",2007,2999
"357","Switzerland",2008,3345
"358","Switzerland",2009,5836
"359","Switzerland",2010,1044
"360","Switzerland",2011,2314
"361","Switzerland",2012,2944
"362","Switzerland",2013,6379
"363","Switzerland",2014,3870
"364","Switzerland",2015,6390
"365","Ukraine",2002,NA
"366","Ukraine",2003,NA
"367","Ukraine",2004,NA
"368","Ukraine",2005,NA
"369","Ukraine",2006,17646
"370","Ukraine",2007,21139
"371","Ukraine",2008,20457
"372","Ukraine",2009,25627
"373","Ukraine",2010,20098
"374","Ukraine",2011,19755
"375","Ukraine",2012,19375
"376","Ukraine",2013,21955
"377","Ukraine",2014,20112
"378","Ukraine",2015,12101
"379","United.States",2002,NA
"380","United.States",2003,NA
"381","United.States",2004,58593
"382","United.States",2005,83959
"383","United.States",2006,77657
"384","United.States",2007,73300
"385","United.States",2008,92943
"386","United.States",2009,139394
"387","United.States",2010,73160
"388","United.States",2011,86415
"389","United.States",2012,122918
"390","United.States",2013,130196
"391","United.States",2014,99848
"392","United.States",2015,61295
"393","Uruguay",2002,NA
"394","Uruguay",2003,NA
"395","Uruguay",2004,7555
"396","Uruguay",2005,6647
"397","Uruguay",2006,6776
"398","Uruguay",2007,7430
"399","Uruguay",2008,6339
"400","Uruguay",2009,5770
"401","Uruguay",2010,5087
"402","Uruguay",2011,4686
"403","Uruguay",2012,5070
"404","Uruguay",2013,5005
"405","Uruguay",2014,5390
"406","Uruguay",2015,4195
